Strip_#,SW_Paint_#,Color_Name,Trim_Only,Body_&_Trim_Combos,Front_Door_&_Shutter_Only
221,9136,Lullaby,,x,
221,9137,Niebla Azul,,x,
221,9138,Stardew,,x,
221,9139,Debonair,,x,
173,9054,Little Boy Blu,,x,
173,9055,Billowy Breeze,,x,
173,9056,French Moire,,x,
173,9057,Aquitaine,,x,
173,9058,Secret Cove,,x,
174,6498,Byte Blue,,x,
174,6499,Stream,,x,
174,9061,Rest Assured,,x,
174,6500,Open Seas,,x,
174,6501,Manitou Blue,,x,
184,6512,Balmy,,x,
184,6513,Take Five,,x,
184,6514,Respite,,x,
184,9070,Baby Blue Eyes,,x,
184,6515,Leisure Blue,,x,
185,6519,Hinting Blue,,x,
185,6520,Honest Blue,,x,
185,6521,Notable Hue,,x,
185,9071,Dyer's Woad,,x,
185,6522,Sporty Blue,,x,
224,6239,Upward,,x,
224,6240,Windy Blue,,x,
224,6241,Aleutian,,x,
224,9151,Daphne,,x,
224,6242,Bracing Blue,,x,
225,6246,North Star,,x,
225,6247,Krypton,,x,
225,6248,Jubilee,,x,
225,9152,Let it Rain,,x,
220,6225,Sleepy Blue,,x,
220,6226,Languid Blue,,x,
220,6227,Meditative,,x,
220,9135,Whirlpool,,x,
219,6218,Tradewind,,x,
219,6219,Rain,,x,
219,6220,"Interesting
Aqua",,x,
219,9134,Delft,,x,
218,6211,Rainwashed,,x,
218,6212,Quietude,,x,
218,6213,Halcyon Green,,x,
218,9133,Jasper Stone,,x,
217,6204,Sea Salt,,x,
217,6205,Comfort Gray,,x,
217,6206,Oyster Bay,,x,
217,9132,Acacia Haze,,x,
216,6197,Aloof Gray,,x,
216,6198,Sensible Hue,,x,
216,6199,Rare Gray,,x,
216,9131,Cornwall Slate,,x,
215,6183,"Conservative
Gray",,x,
215,6184,Austere Gray,,x,
215,6185,Escape Gray,,x,
215,9130,Evergreen Fog,,x,
214,6190,Filmy Green,,x,
214,6191,Contented,,x,
214,6192,Coastal Plain,,x,
214,9129,Jade Dragon,,x,
213,6176,Liveable Green,,x,
213,6177,Softened Green,,x,
213,6178,Clary Sage,,x,
213,9128,Green Onyx,,x,
212,6162,Ancient Marble,,x,
212,6163,Grassland,,x,
212,6164,Svelte Sage,,x,
212,9127,At Ease Soldier,,x,
212,6165,"Connected
Gray",,x,
211,6169,Sedate Gray,,x,
211,6170,Techno Gray,,x,
211,6171,Chatroom,,x,
211,9126,"Honed
Soapstone",,x,
298,7738,Cargo Pants,,x,
298,7739,Herbal Wash,,x,
298,7748,Green Earth,,x,
244,7015,Repose Gray,,x,
244,7016,Mindful Gray,,x,
244,7017,Dorian Gray,,x,
244,9170,Acier,,x,
244,7018,Dovetail,,x,
282,7667,Zircon,,x,
282,7672,"Knitting
Needles",,x,
282,7668,March Wind,,x,
282,7673,Pewter Cast,,x,
282,7669,Summit Gray,,x,
235,7071,Gray Screen,,x,
235,7072,Online,,x,
235,7073,Network Gray,,x,
235,9162,African Gray,,x,
235,7074,Software,,x,
236,7064,Passive,,x,
236,7065,Argos,,x,
236,7066,Gray Matters,,x,
236,9163,Tin Lizzie,,x,
236,7067,Cityscape,,x,
237,7057,Silver Strand,,x,
237,7058,Magnetic Gray,,x,
237,7059,Unusual Gray,,x,
237,9164,Illusive Green,,x,
237,7060,Attitude Gray,,x,
238,9165,Gossamer Veil,,x,
238,9166,Drift of Mist,,x,
238,7658,Gray Clouds,,x,
238,7652,Mineral Deposit,,x,
238,7659,Gris,,x,
239,7653,Silverpointe,,x,
239,7657,Tinsmith,,x,
239,7649,Silverplate,,x,
239,7650,Ellie Gray,,x,
239,7655,"Stamped
Concrete",,x,
159,6456,Slow Green,,x,
159,6457,Kind Green,,x,
159,6458,Restful,,x,
159,9041,Parisian Patina,,x,
169,6470,Waterscape,,x,
169,6471,Hazel,,x,
169,9050,Vintage Vessel,,x,
169,6472,Composed,,x,
169,6473,Surf Green,,x,
170,6477,Tidewater,,x,
170,6478,Watery,,x,
170,9051,Aquaverde,,x,
170,6479,Drizzle,,x,
142,6393,"Convivial
Yellow",,x,
142,6394,Sequin,,x,
142,9026,"Tarnished
Trumpet",,x,
144,6407,Ancestral Gold,,x,
144,6408,Wheat Grass,,x,
144,9028,Dusted Olive,,x,
297,7736,Garden Sage,,x,
297,7734,Olive Grove,,x,
193,6043,Unfussy Beige,,x,
193,6044,Doeskin,,x,
193,6045,"Emerging
Taupe",,x,
193,9079,"Velvety
Chestnut",,x,
193,6046,Swing Brown,,x,
194,6050,Abalone Shell,,x,
194,6051,Sashay Sand,,x,
194,6052,Sandbank,,x,
194,9080,Hushed Auburn,,x,
195,6057,Malted Milk,,x,
195,6058,Likeable Sand,,x,
195,6059,Interface Tan,,x,
195,9081,Redend Point,,x,
195,6060,"Moroccan
Brown",,x,
196,6064,Reticence,,x,
196,6065,Bona Fide Beige,,x,
196,6066,Sand Trap,,x,
196,9082,"Chocolate
Powder",,x,
196,6067,Mocha,,x,
197,6085,Simplify Beige,,x,
197,6086,Sand Dune,,x,
197,6087,Trusty Tan,,x,
197,9083,Dusted Truffle,,x,
197,6088,Nuthatch,,x,
232,6036,Angora,,x,
232,6037,"Temperate
Taupe",,x,
232,6038,Truly Taupe,,x,
232,9160,Armadillo,,x,
198,6078,Realist Beige,,x,
198,6079,Diverse Beige,,x,
198,6080,Utterly Beige,,x,
198,9084,Cocoa Whip,,x,
198,6081,Down Home,,x,
199,9085,Touch of Sand,,x,
199,9086,Cool Beige,,x,
199,9087,Smoky Beige,,x,
199,9088,Utaupeia,,x,
199,9089,Llama Wool,,x,
201,6099,Sand Dollar,,x,
201,6100,Practical Beige,,x,
201,6101,Sands of Time,,x,
201,9093,Nearly Brown,,x,
201,6102,Portabello,,x,
204,6106,Kilim Beige,,x,
204,6107,"Nomadic
Desert",,x,
204,6108,Latte,,x,
204,9108,Double Latte,,x,
204,6109,Hopsack,,x,
205,9109,Natural Linen,,x,
205,9110,Malabar,,x,
205,9111,Antler Velvet,,x,
205,9112,Song Thrush,,x,
288,7719,Fresco Cream,,x,
288,7518,Beach House,,x,
288,7519,Mexican Sand,,x,
288,7521,Dormer Brown,,x,
288,7522,Meadowlark,,x,
288,7525,Tree Branch,,x,
284,7567,Natural Tan,,x,
284,7547,Sandbar,,x,
284,7548,Portico,,x,
284,7534,Outerbanks,,x,
284,7549,Studio Taupe,,x,
284,7535,Sandy Ridge,,x,
210,6155,Rice Grain,,x,
210,6156,Ramie,,x,
210,6157,Favorite Tan,,x,
210,7544,Fenland,,x,
210,6158,Sawdust,,x,
209,9119,Dirty Martini,,x,
209,9121,"Sawgrass
Basket",,x,
209,9122,Dried Edamame,,x,
209,9123,Barro Verde,,x,
207,6148,Wool Skein,,x,
207,6149,Relaxed Khaki,,x,
207,6150,Universal Khaki,,x,
207,9117,Urban Jungle,,x,
207,6151,Quiver Tan,,x,
135,6681,Butter Up,,x,
133,6673,Banana Cream,,x,
133,6674,Jonquil,,x,
128,6365,Cachet Cream,,x,
128,6366,"Ambitious
Amber",,x,
128,6367,Viva Gold,,x,
128,6368,Bakelite Gold,,x,
127,6358,Creamery,,x,
127,6359,Sociable,,x,
127,9011,Ochre,,x,
127,6360,Folksy Gold,,x,
127,6361,Autumnal,,x,
140,6127,Ivoire,,x,
140,6128,Blonde,,x,
140,6129,"Restrained
Gold",,x,
140,9024,Vintage Gold,,x,
140,6130,Mannered Gold,,x,
141,6120,Believable Buff,,x,
141,6121,Whole Wheat,,x,
141,6122,Camelback,,x,
141,9025,"Coriander
Powder",,x,
141,6123,Baguette,,x,
141,6124,Cardboard,,x,
130,6379,Jersey Cream,,x,
130,6380,Humble Gold,,x,
130,7682,Bee's Wax,,x,
130,6381,Anjou Pear,,x,
139,6386,Napery,,x,
139,6387,"Compatible
Cream",,x,
139,9023,Dakota Wheat,,x,
139,6388,Golden Fleece,,x,
139,6389,Butternut,,x,
293,6672,Morning Sun,,x,
293,7560,"Impressive
Ivory",,x,
293,7721,"Crescent
Cream",,x,
293,7677,Gold Vessel,,x,
293,7679,Golden Gate,,x,
294,7676,Paper Lantern,,x,
294,7684,Concord Buff,,x,
294,7687,August Moon,,x,
294,7693,Stonebriar,,x,
294,7695,Mesa Tan,,x,
289,7704,Tower Tan,,x,
289,7538,Tamarind,,x,
289,7724,Canoe,,x,
289,7725,Yearling,,x,
290,7717,Ligonier Tan,,x,
290,7720,Deer Valley,,x,
291,6113,"Interactive
Cream",,x,
291,6114,Bagel,,x,
291,6115,Totally Tan,,x,
291,9186,Carmelized,,x,
292,7723,Colony Buff,,x,
292,7689,Row House Tan,,x,
292,7536,"Bittersweet
Stem",,x,
292,7539,Cork Wedge,,x,
292,7690,Townhall Tan,,x,
292,7540,Artisan Tan,,x,
240,6001,Grayish,,x,
240,6002,Essential Gray,,x,
240,6003,Proper Gray,,x,
240,9167,"Polished
Concrete",,x,
241,7022,Alpaca,,x,
241,7023,Requisite Gray,,x,
241,7024,"Functional
Gray",,x,
241,9168,Elephant Ear,,x,
241,7025,Backdrop,,x,
242,6071,Popular Gray,,x,
242,6072,Versatile Gray,,x,
242,6073,Perfect Greige,,x,
242,9169,Chatura Gray,,x,
242,6074,Spalding Gray,,x,
243,7029,Agreeable Gray,,x,
243,7030,Anew Gray,,x,
243,7031,Mega Greige,,x,
243,7504,Keystone Gray,,x,
245,7043,Worldly Gray,,x,
245,7044,Amazing Gray,,x,
245,7045,"Intellectual
Gray",,x,
245,9171,Felted Wool,,x,
248,9173,Shitake,,x,
248,7506,Loggia,,x,
248,7507,Stone Lion,,x,
248,7633,Taupe Tone,,x,
248,7513,Sanderling,,x,
248,7508,Tavern Taupe,,x,
249,7036,"Accessible
Beige",,x,
249,7037,Balanced Beige,,x,
249,7038,Tony Taupe,,x,
249,9174,Moth Wing,,x,
250,7517,China Doll,,x,
250,7511,"Bungalow
Beige",,x,
250,7524,Dhurrie Beige,,x,
250,7512,Pavilion Beige,,x,
250,7501,"Threshold
Taupe",,x,
250,7502,Dry Dock,,x,
254,7551,Greek Villa,x,,
255,7005,Pure White,x,,
257,7006,Extra White,x,,
261,7103,Whitetail,x,,
261,6385,Dover White,x,,
261,7012,Creamy,x,,
261,9180,Aged White,x,,
261,7568,"Neutral
Ground",x,,
263,7562,Roman Column,x,,
263,6154,Nacre,x,,
263,7563,Restful White,x,,
263,7564,Polar Bear,x,,
263,6133,Muslin,x,,
263,6119,Antique White,x,,
262,7105,Paper White,x,,
262,7106,Honied White,x,,
262,7557,Summer White,x,,
262,7556,Cr�me,x,,
262,7559,D�cor White,x,,
262,6371,Vanillin,x,,
262,7573,Eaglet Beige,x,,
256,7757,High Reflective White,x,,
256,7004,Snowbound,x,,
256,7003,Toque White,x,,
256,7028,"Incredible
White",x,,
256,7014,Eider White,x,,
256,7646,First Star,x,,
256,7648,Big Chill,x,,
260,7100,Arcade White,x,,
260,7000,Ibis White,x,,
260,6028,Cultured Pearl,x,,
260,6063,Nice White,x,,
260,6077,"Everyday
White",x,,
260,6035,Gauzy White,x,,
260,7021,Simple White,x,,
267,7001,Marshmallow,x,,
267,7102,White Flour,x,,
267,7002,Downy,x,,
267,7101,Futon,x,,
267,6084,Modest White,x,,
267,6091,Reliable White,x,,
267,6098,Pacer White,x,,
235,7075,Web Gray,,,x
235,7076,Cyberspace,,,x
236,7068,Grizzle Gray,,,x
236,7674,Peppercorn,,,x
226,6277,Special Gray,,,x
226,6278,Cloak Gray,,,x
240,6004,Mink,,,x
240,6005,Folkstone,,,x
277,7520,"Plantation
Shutters",,,x
197,6089,Grounded,,,x
197,6090,Java,,,x
196,6068,Brevity Brown,,,x
196,6069,French Roast,,,x
277,6076,Turkish Coffee,,,x
277,9183,Dark Clove,,,x
277,7515,"Homestead
Brown",,,x
225,6249,Storm Cloud,,,x
225,6250,Granite Peak,,,x
225,6251,Outerspace,,,x
232,6039,Poised Taupe,,,x
232,6040,Less Brown,,,x
232,6041,Otter,,,x
193,6047,Hot Cocoa,,,x
193,6048,Terra Brun,,,x
195,6061,Tanbark,,,x
195,6062,Rugged Brown,,,x
278,7645,Thunder Gray,,,x
278,7062,Rock Bottom,,,x
278,9184,Foxhall Green,,,x
278,7750,Olympic Range,,,x
278,7730,Forestwood,,,x
278,6174,Andiron,,,x
253,9176,Dress Blues,,,x
253,9177,Salty Dog,,,x
253,9178,In the Navy,,,x
253,2739,Charcoal Blue,,,x
173,9059,Silken Peacock,,,x
173,9060,"Connor's
Lakefront",,,x
220,6228,Refuge,,,x
220,6229,Tempe Star,,,x
220,6230,Rainstorm,,,x
217,6207,Retreat,,,x
217,6208,Pewter Green,,,x
215,6186,Dried Thyme,,,x
215,6187,Rosemary,,,x
214,6193,Privilege Green,,,x
214,6194,Basil,,,x
214,6195,Rock Garden,,,x
155,6432,Garden Spot,,,x
155,6433,Inverness,,,x
145,6418,Rural Green,,,x
145,6419,Saguaro,,,x
185,6523,Denim,,,x
185,6524,Commodore,,,x
221,9140,Blustery Sky,,,x
221,9141,Waterloo,,,x
221,9142,"Moscow
Midnight",,,x
243,7032,Warm Stone,,,x
243,7033,"Brainstorm
Bronze",,,x
211,6172,Hardware,,,x
211,6173,Cocoon,,,x
211,7745,Muddled Basil,,,x
204,6110,Steady Brown,,,x
204,6111,Coconut Husk,,,x
141,6125,Craft Paper,,,x
120,6635,"Determined
Orange",,,x
120,6636,Husky Orange,,,x
130,6382,"Ceremonial
Gold",,,x
130,6383,Golden Rule,,,x
130,6384,"Cut the
Mustard",,,x
139,6390,Bosc Pear,,,x
139,6391,Gallant Gold,,,x
140,6131,Chamois,,,x
140,6132,Relic Bronze,,,x
171,6488,Grand Canal,,,x
171,6489,Really Teal,,,x
165,6775,Briny,,,x
114,6326,Henna Shade,,,x
114,6327,Bold Brick,,,x
114,6328,Fireweed,,,x
122,6657,Amber Wave,,,x
122,7703,Earthen Jug,,,x
126,6356,"Copper
Mountain",,,x
128,6369,Tassel,,,
128,6370,Saucy Gold,,,x
128,7709,Copper Pot,,,x
251,6258,Tricorn Black,,,x
309,2801,"Rookwood
Dark Red",,,x
309,2802,Rookwood Red,,,x
309,2803,"Rookwood
Terra Cotta",,,x
115,6333,Foxy,,,x
115,6334,Flower Pot,,,x
115,6335,Fired Brick,,,x
101,6871,Positive Red,,,x
101,6861,Radish,,,x
101,6866,Heartthrob,,,x
275,7586,Stolen Kiss,,,x
275,7582,Salute,,,x
275,7583,Wild Currant,,,x
275,7585,Tomato,,,x
275,7593,Rustic Red,,,x